<?xml version="1.0" encoding="UTF-8"?>
<beans xmlns="http://www.springframework.org/schema/beans"
       xmlns:xsi="http://www.w3.org/2001/XMLSchema-instance"
       xmlns:context="http://www.springframework.org/schema/context"
       xmlns:mvc="http://www.springframework.org/schema/mvc"
       xmlns:aop="http://www.springframework.org/schema/aop"
       xsi:schemaLocation="http://www.springframework.org/schema/beans http://www.springframework.org/schema/beans/spring-beans.xsd
       http://www.springframework.org/schema/context http://www.springframework.org/schema/context/spring-context-3.2.xsd
       http://www.springframework.org/schema/aop http://www.springframework.org/schema/aop/spring-aop-3.2.xsd
        http://www.springframework.org/schema/mvc http://www.springframework.org/schema/mvc/spring-mvc-3.0.xsd">
    
    
    <bean id="templateResolver"
          class="org.thymeleaf.templateresolver.ServletContextTemplateResolver">
        <property name="prefix" value="/WEB-INF/templates/" />
        <property name="suffix" value=".xhtml" />
        <property name="templateMode" value="HTML5" />
    </bean>
    
    <bean id="templateEngine"
          class="org.thymeleaf.spring3.SpringTemplateEngine">
        <property name="templateResolver" ref="templateResolver" />
    </bean>
    
    
    <bean class="org.thymeleaf.spring3.view.ThymeleafViewResolver">
        <property name="templateEngine" ref="templateEngine" />
        <property name="order" value="1" />
    </bean>
    
    <context:component-scan base-package="com.retengr.controller,com.retengr.controller.formbean"/>
    
    <bean id="myBeansValidator" class="org.springframework.validation.beanvalidation.LocalValidatorFactoryBean" />
    <mvc:annotation-driven validator="myBeansValidator"/>

</beans>
