<beans xmlns="http://www.springframework.org/schema/beans"
	xmlns:security="http://www.springframework.org/schema/security" 
	xmlns:xsi="http://www.w3.org/2001/XMLSchema-instance"
	xsi:schemaLocation="http://www.springframework.org/schema/beans
	http://www.springframework.org/schema/beans/spring-beans-3.0.xsd
	http://www.springframework.org/schema/security
	http://www.springframework.org/schema/security/spring-security-3.2.xsd">

	<http:security auto-config="true">
		<intercept-url pattern="/*.htm" access="ROLE_USER" />
	</http:security>

	<authentication-manager>
	  <authentication-provider>
	    <user-service>
		<user name="denis" password="denis" authorities="ROLE_USER" />
	    </user-service>
	  </authentication-provider>
	</authentication-manager>

</beans>